orig,geocoded,lat,lng
31 GLENVILLE AVE,"31 Glenville Ave, Boston, MA 02134, USA",42.3504522,-71.1331825
1532 HYDE PARK AVE,"1532 Hyde Park Ave, Hyde Park, MA 02136, USA",42.2465516,-71.12834269999999
39 ROSEMONT AVE,"39 Rosemont St, Boston, MA 02122, USA",42.2927721,-71.055041
,"Boston, MA, USA",42.3600825,-71.0588801
53 CLAPP ST,"53 Clapp St, Dorchester, MA 02125, USA",42.32342610000001,-71.0626346
106 ST THERESA AVE,"106 St Theresa Ave, Boston, MA 02132, USA",42.2768982,-71.15556649999999
528 HYDE PARK AVE,"528 Hyde Park Ave, Roslindale, MA 02131, USA",42.2823881,-71.1186113
25 MYSTIC ST,"25 Mystic St, Charlestown, MA 02129, USA",42.3801297,-71.0622528
373 COLUMBIA RD,"373 Columbia Rd, Dorchester, MA 02125, USA",42.3106948,-71.07065349999999
37 WEST SELDEN ST,"37 W Selden St, Mattapan, MA 02126, USA",42.2795108,-71.0842552
73 SUMMER ST,"73 Summer St, Boston, MA 02111, USA",42.3541908,-71.0587582
525 TALBOT AVE,"525 Talbot Ave, Dorchester Center, MA 02124, USA",42.2869732,-71.06517099999999
1413 HYDE PARK AV,"1413 Hyde Park Ave, Boston, MA 02136, USA",42.250635,-71.1265806
146 CONDOR ST,"146 Condor St, Boston, MA 02128, USA",42.38373199999999,-71.034818
206 NORTHAMPTON ST,"206 Northampton St, Boston, MA 02118, USA",42.3377268,-71.080089
632 BEACON ST,"632 Beacon St, Boston, MA 02215, USA",42.3496499,-71.094939
26 POLK ST,"26 Polk St, Boston, MA 02129, USA",42.3794956,-71.06122049999999
111 WESTERN AVE,"Soldiers Field Park 1, 111 Western Ave, Boston, MA 02163, USA",42.3660019,-71.1200181
28 RANDOLPH ST,"28 Randolph St, Boston, MA 02118, USA",42.3413755,-71.0642751
600 WASHINGTON ST,"600 Washington St, Boston, MA 02111, USA",42.3528027,-71.0619718
6 HUBBARD ST,"6 Hubbard St, Jamaica Plain, MA 02130, USA",42.3163323,-71.10614799999999
670 HUNTINGTON AVE,"670 Huntington Ave, Boston, MA 02115, USA",42.33498669999999,-71.1019755
0 LONGFELLOW BRIDGE,"Longfellow Bridge, Boston, MA 02114, USA",42.3614196,-71.0730737
91 WILLOWWOOD ST,"91 Willowwood St, Boston, MA 02124, USA",42.2842659,-71.08634239999999
500 BROOKLINE AVE,"500 Brookline Ave, Boston, MA 02215, USA",42.3366187,-71.1093647
665 HUNTINGTON AVE,"665 Huntington Ave, Boston, MA 02115, USA",42.3355611,-71.1016066
71 A ST,"71 A St, Boston, MA 02127, USA",42.3421607,-71.0549836
30 WOODBINE ST,"30 Woodbine St, Boston, MA 02119, USA",42.3191747,-71.0796604
621 MASSACHUSETTS AVE,"621 Massachusetts Ave, Boston, MA 02118, USA",42.336771,-71.0777389
1 COMMONWEALTH AVE,"1 Commonwealth Avenue, Boston, MA 02116, USA",42.3540114,-71.0720391
274 DORCHESTER AVE,"274 Dorchester Ave, Boston, MA 02127, USA",42.3387742,-71.0567586
682 BENNINGTON ST,"682 Bennington St, Boston, MA 02128, USA",42.3845514,-71.0137353
250 MASSACHUSETTS AVE,"250 Massachusetts Ave, Boston, MA 02115, USA",42.3444122,-71.084968
89 WOODHAVEN ST,"89 Woodhaven St, Mattapan, MA 02126, USA",42.2717403,-71.0971551
44 MONADNOCK ST,"44 Monadnock St, Dorchester, MA 02125, USA",42.3158184,-71.0689043
15 CRESTWAY RD,"15 Crestway Rd, Boston, MA 02128, USA",42.3925566,-71.0051352
44 WEST WALNUT PARK,"44 W Walnut Park, Roxbury, MA 02119, USA",42.31738199999999,-71.0992523
104 FLORENCE ST,"104 Florence St, Roslindale, MA 02131, USA",42.2864359,-71.12460510000001
3286 WASHINGTON ST,"3286 Washington St, Boston, MA 02130, USA",42.3107642,-71.1031038
259 QUINCY ST,"259 Quincy St, Dorchester, MA 02121, USA",42.3117664,-71.0725181
440 WESTERN AVE,"440 Western Ave, Boston, MA 02135, USA",42.3623178,-71.1409297
97 ELM ST,"97 Elm St, Charlestown, MA 02129, USA",42.3797591,-71.0619122
1531 BLUE HILL AVE,"1531 Blue Hill Avenue, Mattapan, MA 02126, USA",42.2715193,-71.0939993
250 SUMMER ST,"250 Summer St, Boston, MA 02210, USA",42.350758,-71.050775
455 MASSACHUSETTS AVE,"455 Massachusetts Ave, Boston, MA 02118, USA",42.34019929999999,-71.0815277
544 MAIN ST,"544 Main St, Charlestown, MA 02129, USA",42.3837264,-71.07286549999999
809 SARATOGA ST,"809 Saratoga St, Boston, MA 02128, USA",42.3843006,-71.0152279
110 PLEASANT ST,"110 Pleasant St, Dorchester, MA 02125, USA",42.3119318,-71.0588704
101 NORTHAMPTON ST,"101 Northampton St, Boston, MA 02118, USA",42.3354744,-71.0767884
589 SHAWMUT AVE,"589 Shawmut Ave, Boston, MA 02118, USA",42.3361366,-71.0801397
1231 ADAMS ST,"1231 Adams St, Boston, MA 02124, USA",42.2718067,-71.06846110000001
259 CAMBRIDGE ST,"259 Cambridge St, Boston, MA 02134, USA",42.3577163,-71.1280307
531 EAST EIGHTH,"531 E 8th St, Boston, MA 02127, USA",42.331153,-71.040283
136 WILLIAMS ST,"136 Williams St, Boston, MA 02130, USA",42.304919,-71.1055449
1298 DORCHESTER AVE,"1298 Dorchester Ave, Dorchester, MA 02122, USA",42.306244,-71.058431
92 BOURNE ST,"92 Bourne St, Boston, MA 02130, USA",42.2898838,-71.1139851
36 MAPLEWOOD ST,"36 Maplewood St, West Roxbury, MA 02132, USA",42.2714277,-71.1492353
107 FAYWOOD AV,"107 Faywood Ave, Boston, MA 02128, USA",42.3920057,-71.00381879999999
1066 SARATOGA ST,"1066 Saratoga St, Boston, MA 02128, USA",42.38585399999999,-71.003811
152 LIVERPOOL ST,"152 Liverpool St, Boston, MA 02128, USA",42.3734137,-71.0399475
29 PLEASANT ST,"29 Pleasant St, Charlestown, MA 02129, USA",42.3748362,-71.06229619999999
900 EAST BROADWAY,"900 E Broadway, Boston, MA 02127, USA",42.3359509,-71.0281164
25 SPRING PARK AVE,"25 Spring Park Ave, Jamaica Plain, MA 02130, USA",42.3169972,-71.1113749
65 L ST,"65 L St, Boston, MA 02127, USA",42.3358005,-71.0355599
170 WEST SELDEN ST,"170 W Selden St, Mattapan, MA 02126, USA",42.2752462,-71.087574
115 WELD ST,"115 Weld St, West Roxbury, MA 02132, USA",42.2944971,-71.136603
10 EPPING ST,"10 Epping St, Dorchester Center, MA 02124, USA",42.2895998,-71.0721535
724 BEACON ST,"724 Beacon St, Boston, MA 02215, USA",42.3485352,-71.09926089999999
538 BLUE HILL AVE,"538 Blue Hill Avenue, Dorchester, MA 02121, USA",42.305541,-71.084239
108 SEAVER ST,"108 Seaver St, Boston, MA 02121, USA",42.31037449999999,-71.0921463
85 STIMSON ST,"85 Stimson St, West Roxbury, MA 02132, USA",42.2613462,-71.16024209999999
21 CROSSMAN ST,"21 Crossman St, Mattapan, MA 02126, USA",42.2735196,-71.090792
184 EVERETT ST,"184 Everett St, Allston, MA 02134, USA",42.3595103,-71.1372499
0 BUSSY ST,,,
375 MT VERNON ST,"375 Mt Vernon St, Boston, MA 02125, USA",42.3171157,-71.0407586
52 EDGEMERE RD,"52 Edgemere Rd, West Roxbury, MA 02132, USA",42.2608639,-71.1536314
1866 DORCHESTER AVE,"1866 Dorchester Ave, Dorchester Center, MA 02124, USA",42.2871564,-71.0637885
127 CONGRESS ST,"127 Congress St, Boston, MA 02110, USA",42.3561602,-71.0562987
172 WALNUT ST,"172 Walnut St, Dorchester, MA 02122, USA",42.29051399999999,-71.04001699999999
50 EDGERLEY RD,"50 Edgerly Rd, Boston, MA 02115, USA",42.3449533,-71.087347
62 KENWOOD ST,"62 Kenwood St, Dorchester Center, MA 02124, USA",42.2925675,-71.0689069
33 SCHILLER RD,"33 Schiller Rd, West Roxbury, MA 02132, USA",42.2572341,-71.1599586
1077 DORCHESTER AVE,"1077 Dorchester Ave, Boston, MA 02125, USA",42.3138353,-71.0571676
25 COLUMBIA RD,"25 Columbia Rd, Dorchester, MA 02121, USA",42.3032454,-71.0837255
172 BOYLSTON ST,"172 Boylston St, Jamaica Plain, MA 02130, USA",42.3153635,-71.10211009999999
39 BOUTWELL ST,"39 Boutwell St, Dorchester, MA 02122, USA",42.2913709,-71.051797
85 LINDEN ST,"85 Linden St, Allston, MA 02134, USA",42.3517667,-71.1305076
21 GREYCLIFF RD,"21 Greycliff Rd, Brighton, MA 02135, USA",42.34088610000001,-71.16084479999999
14 LONGFELLOW RD,"14 Longfellow St, Dorchester, MA 02122, USA",42.3026964,-71.06686119999999
11 FAIRVIEW ST,"11 Fairview St, Roslindale, MA 02131, USA",42.2887689,-71.1305146
27 WASHINGTON ST,"27 Washington St, Dorchester, MA 02121, USA",42.3072183,-71.0826653
0 CRAIGIE BRIDGE,"Craigie Drawbridge, MA-28, Boston, MA 02114, USA",42.3671619,-71.0690808
83 PEARL ST,"83 Pearl St, Charlestown, MA 02129, USA",42.3802825,-71.06276869999999
220 POPLAR ST,"220 Poplar St, Roslindale, MA 02131, USA",42.2814564,-71.1265669
1404 DORCHESTER AVE,"1404 Dorchester Ave, Dorchester, MA 02122, USA",42.30301850000001,-71.0592537
0 SOUTHWEST CORRIDOR,"Southwest Corridor Park, 38 New Heath St, Boston, MA 02130, USA",42.3263392,-71.0990659
545 CENTRE ST,"545 Centre St, Jamaica Plain, MA 02130, USA",42.3168133,-71.1139266
95 NORFOLK ST,"95 Norfolk St, Dorchester Center, MA 02124, USA",42.28868,-71.0759217
15 SPARHAWK ST,"15 Sparhawk St, Brighton, MA 02135, USA",42.3511076,-71.14953899999999
320 BLUE HILL AVE,"320 Blue Hill Avenue, Dorchester, MA 02121, USA",42.3136433,-71.0791492
530 EAST FIRST ST,"530 E 1st St, Boston, MA 02127, USA",42.338802,-71.03823919999999
1041 ADAMS ST,"1041 Adams St, Dorchester Center, MA 02124, USA",42.2757245,-71.0616545
168 WOOD AV,"168 Wood Ave, Hyde Park, MA 02136, USA",42.2682273,-71.1111444
8 WYOMING ST,"8 Wyoming St, Dorchester, MA 02121, USA",42.3148486,-71.0847406
111 HUTCHINGS ST,"111 Hutchings St, Dorchester, MA 02121, USA",42.311829,-71.09184990000001
147 TRAIN ST,"147 Train St, Dorchester, MA 02122, USA",42.29066479999999,-71.05328399999999
329 WASHINGTON ST,"329 Washington St, Boston, MA 02108, USA",42.3568917,-71.05911689999999
131 CRAWFORD ST,"131 Crawford St, Dorchester, MA 02121, USA",42.3154256,-71.0916575
345 GROVE ST,"345 Grove St, West Roxbury, MA 02132, USA",42.2579206,-71.15644379999999
36 HEWLETT ST,"36 Hewlett St, Roslindale, MA 02131, USA",42.28989170000001,-71.1352914
548 BENNINGTON ST,"548 Bennington St, Boston, MA 02128, USA",42.3824741,-71.0194047
160 NORTH WASHINGTON ST,"160 N Washington St, Boston, MA 02114, USA",42.3688618,-71.0598981
210 ROSLINDALE AVE,"210 Roslindale Ave, Roslindale, MA 02131, USA",42.2808168,-71.1380855
31 COOK ST,"31 Cook St, Charlestown, MA 02129, USA",42.3808344,-71.0636116
255 MASSACHUSETTS AVE,"255 Massachusetts Ave, Boston, MA 02115, USA",42.344442,-71.08685899999999
59 CRAWFORD ST,"59 Crawford St, Dorchester, MA 02121, USA",42.312709,-71.08734199999999
147 KENRICK ST,"147 Kenrick St, Brighton, MA 02135, USA",42.3468343,-71.1687314
255 NORTHAMPTON ST,"255 Northampton St, Boston, MA 02118, USA",42.3394238,-71.0814012
34 ROSECLAIR ST,"34 Roseclair St, Dorchester, MA 02125, USA",42.3209015,-71.05951189999999
270 MT VERNON ST,"270 Mt Vernon St, Dorchester, MA 02125, USA",42.3190762,-71.0449902
351 SOUTH HUNTINGTON AVE,"351 S Huntington Ave, Jamaica Plain, MA 02130, USA",42.3229949,-71.11242279999999
65 FRANKLIN ST,"65 Franklin St, Boston, MA 02110, USA",42.3552531,-71.05843569999999
19 TILESTON ST,"19 Tileston St, Boston, MA 02113, USA",42.3654942,-71.05383359999999
206 NORWELL ST,"206 Norwell St, Dorchester Center, MA 02124, USA",42.29549799999999,-71.07809499999999
465 HUNTINGTON AVE,"465 Huntington Ave, Boston, MA 02115, USA",42.3394605,-71.0942121
639 COMMONWEALTH AVE,"639 Commonwealth Avenue, Boston, MA 02215, USA",42.349869,-71.101978
68 ALLSTON ST,"68 Allston St, Boston, MA 02134, USA",42.3509846,-71.1358449
14 NEW ENGLAND AV,"14 New England Ave, Dorchester Center, MA 02124, USA",42.2913532,-71.0773336
28 SACKVILLE ST,"28 Sackville St, Charlestown, MA 02129, USA",42.3812661,-71.0648042
411 D ST,"411 D St, Boston, MA 02210, USA",42.34471920000001,-71.0434604
85 ROSSMORE RD,"85 Rossmore Rd, Boston, MA 02130, USA",42.3033912,-71.1055047
162 WARREN ST,"162 Warren St, Boston, MA 02135, USA",42.3489283,-71.1403922
1329 HYDE PARK AVE,"1329 Hyde Park Ave, Hyde Park, MA 02136, USA",42.253512,-71.124917
297 MAIN ST,"297 Main St, Charlestown, MA 02129, USA",42.3777689,-71.06705149999999
2908 WASHINGTON ST,"2908 Washington St, Roxbury, MA 02119, USA",42.31848919999999,-71.0954289
284 COLUMBIA RD,"284 Columbia Rd, Dorchester, MA 02121, USA",42.3091719,-71.0743087
27 BELMONT ST,"27 Belmont St, Charlestown, MA 02129, USA",42.381226,-71.0651839
725 CENTRE ST,"725 Centre St, Boston, MA 02130, USA",42.3111527,-71.1147977
297 GROVE ST,"297 Grove St, West Roxbury, MA 02132, USA",42.2592392,-71.1569306
0 BU BRIDGE,"Boston University Bridge, Cambridge, MA 02163, USA",42.3524262,-71.1106338
576 ASHMONT ST,"576 Ashmont St, Boston, MA 02122, USA",42.2898087,-71.050238
44 BELLLEVUE ST,"44 Bellevue St, Dorchester, MA 02125, USA",42.3097672,-71.06799409999999
81 WEST SELDEN ST,"81 W Selden St, Mattapan, MA 02126, USA",42.278215,-71.085534
44 HILL TOP ST,"44 Hill Top St, Dorchester Center, MA 02124, USA",42.2793979,-71.05053800000002
73 BROOKLEY RD,"73 Brookley Rd, Boston, MA 02130, USA",42.3030868,-71.1063525
1000 WASHINGTON ST,"1000 Washington St, Boston, MA 02118, USA",42.3458529,-71.0643024
329 SAVIN HILL AVE,"329 Savin Hill Ave, Dorchester, MA 02125, USA",42.3126729,-71.0491127
167 CHESTNUT HILL AVE,"167 Chestnut Hill Ave, Boston, MA 02135, USA",42.3421112,-71.154921
430 COLUMBUS AVE,"430 Columbus Ave, Boston, MA 02116, USA",42.343959,-71.0772283
360 LONGWOOD AVE,"360 Longwood Ave, Boston, MA 02215, USA",42.3390162,-71.1080246
4031 WASHINGTON ST,"4031 Washington St, Roslindale, MA 02131, USA",42.291699,-71.1228447
1173 ADAMS ST,"1173 Adams St, Dorchester Center, MA 02124, USA",42.2727055,-71.0659952
80 ST BRENDAN RD,"80 St Brendan Rd, Dorchester Center, MA 02124, USA",42.2824468,-71.05192699999999
20 BRAYTON RD,"20 Brayton Rd, Brighton, MA 02135, USA",42.3470178,-71.1685281
42 NAHANT AVE,"42 Nahant Ave, Dorchester, MA 02122, USA",42.2880291,-71.0528957
40 ELLISON AVE,"40 Ellison Ave, Mattapan, MA 02126, USA",42.2767094,-71.0730615
205 A ST,"205 A St, Boston, MA 02210, USA",42.3464096,-71.0511968
59 BEAUMONT ST,"59 Beaumont St, Dorchester Center, MA 02124, USA",42.28501960000001,-71.05830929999999
23 MYSTIC ST,"23 Mystic St, Charlestown, MA 02129, USA",42.3800563,-71.06227009999999
0 SOUTH ST,"0 South St, Boston, MA 02111, USA",42.35212019999999,-71.0571439
457 QUINCY ST,"457 Quincy St, Dorchester, MA 02125, USA",42.3091686,-71.0665987
39 LISZT ST,"39 Liszt St, Roslindale, MA 02131, USA",42.2774921,-71.1404439
477 MERIDIAN ST,"477 Meridian St, Boston, MA 02128, USA",42.383071,-71.0390847
3099 WASHINGTON ST,"3099 Washington St, Boston, MA 02119, USA",42.3152747,-71.0989479
196 HARVARD AVE,"196 Harvard Ave, Boston, MA 02134, USA",42.3507741,-71.1309842
1291 DORCHESTER AVE,"1291 Dorchester Ave, Dorchester, MA 02122, USA",42.30647829999999,-71.059321
25 PARK ST,"25 Park St, West Roxbury, MA 02132, USA",42.2866392,-71.1589412
464 HUNTINGTON AVE,"Rubenstein Hall, 464 Huntington Ave, Boston, MA 02115, USA",42.3382784,-71.0934552
49 DESOTO RD,"49 Desoto Rd, West Roxbury, MA 02132, USA",42.2613066,-71.1537586
73 SUMNER ST,"73 Sumner St, Dorchester, MA 02125, USA",42.3172191,-71.0624256
26 ADAMS ST,"26 Adams St, Charlestown, MA 02129, USA",42.374194,-71.058584
519 MASSACHUSETTS AVE,"519 Massachusetts Ave, Boston, MA 02118, USA",42.338792,-71.080242
590 COLUMBUS AVE,"590 Columbus Ave, Boston, MA 02118, USA",42.3401833,-71.08202849999999
18 PARKER ST,"18 Parker St, Charlestown, MA 02129, USA",42.3833019,-71.0787297
51 GENEVA AVE,"51 Geneva Ave, Boston, MA 02121, USA",42.3076385,-71.08090179999999
83 NEPONSET ST,"83 Neponset Ave, Boston, MA 02122, USA",42.2951632,-71.0537595
141 LAGRANGE ST,"141 Lagrange St, West Roxbury, MA 02132, USA",42.27597859999999,-71.1484443
31 SCHOOL ST,"31 School St, Boston, MA 02108, USA",42.357772,-71.0591347
4593 WASHINGTON ST,"4593 Washington St, Roslindale, MA 02131, USA",42.2771782,-71.13866639999999
280 CENTRE ST,"280 Centre St, Jamaica Plain, MA 02130, USA",42.322652,-71.101587
431 WEST FOURTH ST,"431 W 4th St, Boston, MA 02127, USA",42.3355542,-71.04799849999999
4161 WASHINGTON ST,"4161 Washington St, Roslindale, MA 02131, USA",42.2884839,-71.126333
23 COMMON ST,"23 Common St, Charlestown, MA 02129, USA",42.37410209999999,-71.05944079999999
1080 MASSACHUSETTS AVE,"1080 Massachusetts Ave, Boston, MA 02118, USA",42.3263097,-71.0664592
99 BRAINERD RD,"99 Brainerd Rd, Boston, MA 02134, USA",42.3469026,-71.1351006
205 TALBOT AVE,"205 Talbot Ave, Boston, MA 02124, USA",42.29212320000001,-71.0784764
203 WESTVILLE ST,"203 Westville St, Dorchester, MA 02122, USA",42.30152229999999,-71.06470820000001
631 CAMBRIDGE ST,"631 Cambridge St, Boston, MA 02135, USA",42.35165180000001,-71.14394089999999
9 SUNSET HILL RD,"9 Sunset Hill Rd, West Roxbury, MA 02132, USA",42.289978,-71.143181
200 MARKET ST,"200 Market St, Boston, MA 02135, USA",42.35554880000001,-71.1490481
61 MT IDA RD,"61 Mt Ida Rd, Dorchester, MA 02122, USA",42.3049594,-71.0645222
312 BEACON ST,"312 Beacon St, Boston, MA 02116, USA",42.35292,-71.0827012
437 D ST,"437 D St, Boston, MA 02210, USA",42.3451734,-71.04298469999999
84 BAKER ST,"84 Baker St, West Roxbury, MA 02132, USA",42.2734102,-71.16565460000001
19 DRUID ST,"19 Druid St, Mattapan, MA 02126, USA",42.2774171,-71.07566489999999
431 WEST 4TH ST,"431 W 4th St, Boston, MA 02127, USA",42.3355542,-71.04799849999999
58 FAIRMOUNT ST,"58 Fairmount St, Dorchester Center, MA 02124, USA",42.2805778,-71.0735107
26 ALLSTON ST,"26 Allston St, Boston, MA 02134, USA",42.35221,-71.13491599999999
59 BURRELL ST,"59 Burrell St, Boston, MA 02119, USA",42.3231115,-71.0697653
14 LONGFELLOW ST,"14 Longfellow St, Dorchester, MA 02122, USA",42.3026964,-71.06686119999999
28 ENTERPRISE ST,"28 Enterprise St, Boston, MA 02125, USA",42.3232024,-71.0618971
137 L ST,"137 L St, Boston, MA 02127, USA",42.3330219,-71.0353993
149 L ST,"149 L St, Boston, MA 02127, USA",42.3326543,-71.03543599999999
6 MASSACHUSETTS AVE,"6 Massachusetts Ave, Boston, MA 02115, USA",42.3511286,-71.0896219
55 SEAPORT BLVD,"55 Seaport Blvd, Boston, MA 02210, USA",42.3526461,-71.0478487
459 MEDORD ST,"459 Medford St, Boston, MA 02129, USA",42.3829882,-71.0668285
351 GROVE ST,"351 Grove St, West Roxbury, MA 02132, USA",42.2576767,-71.1564091
980 AMERICAN LEGION HWY,"980 American Legion Hwy, Roslindale, MA 02131, USA",42.2738241,-71.1156024
216 SAVIN HILL AVE,"216 Savin Hill Ave, Dorchester, MA 02125, USA",42.3092319,-71.0480233
820 BEACON ST,"820 Beacon St, Boston, MA 02215, USA",42.3475236,-71.1025305
44 BELLEVUE ST,"44 Bellevue St, Dorchester, MA 02125, USA",42.3097672,-71.06799409999999
60 SUNSET HILL RD,"60 Sunset Hill Rd, West Roxbury, MA 02132, USA",42.2907415,-71.1455009
82 KENRICK ST,"82 Kenrick St, Brighton, MA 02135, USA",42.3463326,-71.16616909999999
30 MASSACHUSETTS AVE,"30 Massachusetts Ave, Boston, MA 02115, USA",42.3504615,-71.0889789
32 BRIGHTON AVE,"32 Brighton Ave, Boston, MA 02215, USA",42.3520913,-71.1267652
10 POST OFFICE SQ,"10 Post Office Square, Boston, MA 02109, USA",42.35737839999999,-71.05573
14 WESTMORELAND ST,"14 Westmoreland St, Dorchester Center, MA 02124, USA",42.284596,-71.05708299999999
48 VIRGINIA ST,"48 Virginia St, Dorchester, MA 02125, USA",42.315406,-71.06833879999999
155 FLORENCE ST,"155 Florence St, Roslindale, MA 02131, USA",42.2874243,-71.1227725
168 WALTER ST,"168 Walter St, Roslindale, MA 02131, USA",42.2938195,-71.1308686
170 ALPHONSUS ST,"170 St Alphonsus St, Roxbury Crossing, MA 02120, USA",42.331487,-71.102025
218 EAST COTTAGE ST,"218 E Cottage St, Boston, MA 02125, USA",42.319143,-71.05982159999999
170 ST ALPHONSUS ST,"170 St Alphonsus St, Roxbury Crossing, MA 02120, USA",42.331487,-71.102025
431 POND ST,"431 Pond St, Jamaica Plain, MA 02130, USA",42.3097982,-71.1314656
179 WASHINGTON ST,"179 Washington St, Boston, MA 02121, USA",42.3034393,-71.07875589999999
258 NORWELL ST,"258 Norwell St, Dorchester Center, MA 02124, USA",42.2936372,-71.0776313
4595 WASHINGTON ST,"4595 Washington St, Roslindale, MA 02131, USA",42.277198,-71.138689
245 D ST,"245 D St, Boston, MA 02127, USA",42.3384022,-71.051022
540 HYDE PARK AVE,"540 Hyde Park Ave, Roslindale, MA 02131, USA",42.2819838,-71.1185921
665 BENNINGTON ST,"665 Bennington St, Boston, MA 02128, USA",42.3838429,-71.0146779
21 MASSACHUSETTS AVE,"21 Massachusetts Ave, Boston, MA 02115, USA",42.3506466,-71.0896339
74 UNION PARK ST,"74 Union Park St, Boston, MA 02118, USA",42.3410039,-71.06873139999999
130 COLUMBUS AVE,"130 Columbus Ave, Boston, MA 02116, USA",42.349535,-71.070241
531 EAST 8TH ST,"531 E 8th St, Boston, MA 02127, USA",42.331153,-71.040283
275 DEVONSHIRE ST,"275 Devonshire St, Boston, MA 02110, USA",42.3544158,-71.057781
51 BOYLSTON ST,"51 Boylston St, Boston, MA 02116, USA",42.352471,-71.0638523
1413 HYDE PARK AVE,"1413 Hyde Park Ave, Boston, MA 02136, USA",42.250635,-71.1265806
18 POND ST,"18 Pond St, Boston, MA 02130, USA",42.314909,-71.11520399999999
55 NORTH HARVARD ST,"55 N Harvard St, Boston, MA 02134, USA",42.3679186,-71.1247802
10 DUNGARVEN RD,"10 Dungarven Rd, Boston, MA 02130, USA",42.30564200000001,-71.1054533
240 MT VERNON ST,"240 Mt Vernon St, Boston, MA 02125, USA",42.3202693,-71.04791709999999
620 COMMONWEALTH AVE,"620 Commonwealth Avenue, Boston, MA 02215, USA",42.3488064,-71.10136059999999
275 KENNEBEC ST,"275 Kennebec St, Mattapan, MA 02126, USA",42.2704538,-71.109043
102 SOUTHERN AV,"102 Southern Ave, Boston, MA 02124, USA",42.2897127,-71.0764071
67 GOODENOUGH ST,"67 Goodenough St, Brighton, MA 02135, USA",42.3550535,-71.1545489
19 UPHAM AVE,"19 Upham Ave, Dorchester, MA 02125, USA",42.31522469999999,-71.06506999999999
589 SHAWMUT AV,"589 Shawmut Ave, Boston, MA 02118, USA",42.3361366,-71.0801397
71 CHARTER ST,"71 Charter St, Boston, MA 02113, USA",42.367527,-71.054913
14 CRESTWAY RD,"14 Crestway Rd, Boston, MA 02128, USA",42.3924844,-71.0056822
116 WALDEMAR AV,"116 Waldemar Ave, Boston, MA 02128, USA",42.3922164,-71.00340179999999
199 DELHI ST,"199 Delhi St, Mattapan, MA 02126, USA",42.2753586,-71.0906421
125 WALK HILL ST,"125 Walk Hill St, Boston, MA 02130, USA",42.291841,-71.11219009999999
2 COMMONWEALTH AVE,"2 Commonwealth Avenue, Boston, MA 02116, USA",42.35310310000001,-71.0717561
26 SACKVILLE ST,"26 Sackville St, Boston, MA 02129, USA",42.3811956,-71.0647314
